-- ========================================
-- 新增5个问卷类型及其题目和选项
-- 主题：目的地偏好、餐饮习惯、消费习惯、住宿偏好、景点偏好
-- 每个问卷10道题目
-- ========================================

-- ==================== 1. 目的地偏好问卷 ====================
-- 使用 UUID 格式的 ID
INSERT INTO quizzes (id, title, description, scoring_rules) VALUES
('a0000000-0000-0000-0000-000000000001', '目的地偏好测试', '了解你的旅行目的地偏好，找到志同道合的旅伴', 
'{
  "rules": [
    {"min": 0, "max": 30, "tag": "慢节奏度假型", "description": "你喜欢悠闲放松的度假方式"},
    {"min": 31, "max": 60, "tag": "探索冒险型", "description": "你热爱探索未知和刺激冒险"},
    {"min": 61, "max": 100, "tag": "文化体验型", "description": "你钟情于深度文化体验"}
  ]
}'::json);

-- 目的地偏好问题
INSERT INTO questions (question_code, question_text, category) VALUES
('dest_q1', '你更倾向于去哪种类型的目的地？', '目的地偏好'),
('dest_q2', '你喜欢的旅行气候是？', '目的地偏好'),
('dest_q3', '你对旅行目的地的人文环境要求是？', '目的地偏好'),
('dest_q4', '你更喜欢去哪种规模的城市旅行？', '目的地偏好'),
('dest_q5', '你对目的地的语言环境偏好是？', '目的地偏好'),
('dest_q6', '你喜欢的旅行季节是？', '目的地偏好'),
('dest_q7', '你更喜欢哪种类型的自然风光？', '目的地偏好'),
('dest_q8', '你对目的地的交通便利度要求是？', '目的地偏好'),
('dest_q9', '你更喜欢去哪种发展程度的地方？', '目的地偏好'),
('dest_q10', '你选择目的地时最看重什么？', '目的地偏好');

-- 目的地偏好选项
INSERT INTO options (question_code, option_text, score, display_order) VALUES
-- dest_q1
('dest_q1', '热门旅游城市', 3, 1),
('dest_q1', '海岛度假胜地', 2, 2),
('dest_q1', '小众冷门目的地', 7, 3),
('dest_q1', '历史文化名城', 8, 4),
-- dest_q2
('dest_q2', '四季分明的温带气候', 5, 1),
('dest_q2', '温暖舒适的热带海洋性气候', 2, 2),
('dest_q2', '干燥凉爽的高原气候', 7, 3),
('dest_q2', '都可以，看心情', 4, 4),
-- dest_q3
('dest_q3', '希望能深入了解当地文化', 9, 1),
('dest_q3', '有些了解就好', 5, 2),
('dest_q3', '不太在意，享受风景即可', 2, 3),
-- dest_q4
('dest_q4', '国际大都市', 3, 1),
('dest_q4', '中等规模城市', 5, 2),
('dest_q4', '古镇小村落', 8, 3),
-- dest_q5
('dest_q5', '必须有中文服务', 3, 1),
('dest_q5', '英语通用就行', 5, 2),
('dest_q5', '无所谓，喜欢语言挑战', 7, 3),
-- dest_q6
('dest_q6', '春季赏花', 6, 1),
('dest_q6', '夏季避暑', 4, 2),
('dest_q6', '秋季红叶', 7, 3),
('dest_q6', '冬季雪景', 5, 4),
-- dest_q7
('dest_q7', '碧海蓝天的海滩', 2, 1),
('dest_q7', '壮丽的高山峻岭', 7, 2),
('dest_q7', '宁静的湖泊森林', 5, 3),
('dest_q7', '广袤的草原沙漠', 8, 4),
-- dest_q8
('dest_q8', '交通必须方便', 3, 1),
('dest_q8', '一般方便就好', 5, 2),
('dest_q8', '偏远也无妨', 8, 3),
-- dest_q9
('dest_q9', '发达的现代化地区', 3, 1),
('dest_q9', '发展中但有特色', 6, 2),
('dest_q9', '原始未开发地区', 9, 3),
-- dest_q10
('dest_q10', '安全舒适', 2, 1),
('dest_q10', '性价比高', 4, 2),
('dest_q10', '独特体验', 8, 3),
('dest_q10', '文化底蕴', 9, 4);

-- 关联问卷和问题
INSERT INTO quiz_questions (quiz_id, question_code, display_order) VALUES
('a0000000-0000-0000-0000-000000000001', 'dest_q1', 1),
('a0000000-0000-0000-0000-000000000001', 'dest_q2', 2),
('a0000000-0000-0000-0000-000000000001', 'dest_q3', 3),
('a0000000-0000-0000-0000-000000000001', 'dest_q4', 4),
('a0000000-0000-0000-0000-000000000001', 'dest_q5', 5),
('a0000000-0000-0000-0000-000000000001', 'dest_q6', 6),
('a0000000-0000-0000-0000-000000000001', 'dest_q7', 7),
('a0000000-0000-0000-0000-000000000001', 'dest_q8', 8),
('a0000000-0000-0000-0000-000000000001', 'dest_q9', 9),
('a0000000-0000-0000-0000-000000000001', 'dest_q10', 10);


-- ==================== 2. 餐饮习惯问卷 ====================
INSERT INTO quizzes (id, title, description, scoring_rules) VALUES
('a0000000-0000-0000-0000-000000000002', '餐饮习惯测试', '发现你的美食偏好，找到吃货伙伴', 
'{
  "rules": [
    {"min": 0, "max": 30, "tag": "随遇而安型", "description": "你对美食要求不高，吃饱就好"},
    {"min": 31, "max": 60, "tag": "美食探索型", "description": "你喜欢尝试当地特色美食"},
    {"min": 61, "max": 100, "tag": "资深吃货型", "description": "你是资深美食家，对吃很有讲究"}
  ]
}'::json);

-- 餐饮习惯问题
INSERT INTO questions (question_code, question_text, category) VALUES
('food_q1', '旅行时你对餐饮的重视程度？', '餐饮习惯'),
('food_q2', '你更喜欢哪种用餐方式？', '餐饮习惯'),
('food_q3', '你对当地特色美食的态度是？', '餐饮习惯'),
('food_q4', '你的饮食口味偏好是？', '餐饮习惯'),
('food_q5', '你愿意为一顿美食花多少时间？', '餐饮习惯'),
('food_q6', '你对餐厅环境的要求是？', '餐饮习惯'),
('food_q7', '你更喜欢哪种类型的餐厅？', '餐饮习惯'),
('food_q8', '你对食物卫生的关注程度？', '餐饮习惯'),
('food_q9', '你愿意尝试街边小吃吗？', '餐饮习惯'),
('food_q10', '你更喜欢什么样的用餐时间？', '餐饮习惯');

-- 餐饮习惯选项
INSERT INTO options (question_code, option_text, score, display_order) VALUES
-- food_q1
('food_q1', '非常重要，美食是旅行的主要目的之一', 9, 1),
('food_q1', '比较重要，会专门寻找好吃的', 6, 2),
('food_q1', '一般般，填饱肚子就好', 2, 3),
-- food_q2
('food_q2', '当地特色餐厅', 8, 1),
('food_q2', '连锁品牌餐厅', 3, 2),
('food_q2', '路边摊小吃', 7, 3),
('food_q2', '自己买菜做饭', 2, 4),
-- food_q3
('food_q3', '一定要尝试，这是旅行的精髓', 9, 1),
('food_q3', '会尝试，但要看看评价', 6, 2),
('food_q3', '不太敢尝试，怕踩雷', 2, 3),
-- food_q4
('food_q4', '重口味，喜欢麻辣', 5, 1),
('food_q4', '清淡养生', 4, 2),
('food_q4', '甜食爱好者', 5, 3),
('food_q4', '什么都能接受', 7, 4),
-- food_q5
('food_q5', '愿意排队2小时以上', 10, 1),
('food_q5', '半小时到1小时可以接受', 6, 2),
('food_q5', '最多等15分钟', 2, 3),
-- food_q6
('food_q6', '必须高档优雅', 4, 1),
('food_q6', '干净舒适就好', 5, 2),
('food_q6', '不在乎环境，好吃就行', 8, 3),
-- food_q7
('food_q7', '米其林/网红餐厅', 8, 1),
('food_q7', '当地老字号', 9, 2),
('food_q7', '家常菜馆', 4, 3),
('food_q7', '快餐简餐', 2, 4),
-- food_q8
('food_q8', '非常在意，必须干净卫生', 3, 1),
('food_q8', '比较在意，会选择正规店家', 5, 2),
('food_q8', '不太在意，入乡随俗', 8, 3),
-- food_q9
('food_q9', '非常喜欢，这才是当地味道', 10, 1),
('food_q9', '会尝试几次', 6, 2),
('food_q9', '不太愿意，担心卫生问题', 2, 3),
-- food_q10
('food_q10', '严格按时，三餐规律', 3, 1),
('food_q10', '比较随意，饿了就吃', 5, 2),
('food_q10', '经常错过饭点，游玩为主', 4, 3);

-- 关联问卷和问题
INSERT INTO quiz_questions (quiz_id, question_code, display_order) VALUES
('a0000000-0000-0000-0000-000000000002', 'food_q1', 1),
('a0000000-0000-0000-0000-000000000002', 'food_q2', 2),
('a0000000-0000-0000-0000-000000000002', 'food_q3', 3),
('a0000000-0000-0000-0000-000000000002', 'food_q4', 4),
('a0000000-0000-0000-0000-000000000002', 'food_q5', 5),
('a0000000-0000-0000-0000-000000000002', 'food_q6', 6),
('a0000000-0000-0000-0000-000000000002', 'food_q7', 7),
('a0000000-0000-0000-0000-000000000002', 'food_q8', 8),
('a0000000-0000-0000-0000-000000000002', 'food_q9', 9),
('a0000000-0000-0000-0000-000000000002', 'food_q10', 10);


-- ==================== 3. 消费习惯问卷 ====================
INSERT INTO quizzes (id, title, description, scoring_rules) VALUES
('a0000000-0000-0000-0000-000000000003', '消费习惯测试', '了解你的旅行预算风格，找到消费观一致的旅伴', 
'{
  "rules": [
    {"min": 0, "max": 30, "tag": "穷游背包客", "description": "你注重性价比，喜欢经济实惠的旅行方式"},
    {"min": 31, "max": 60, "tag": "品质旅行者", "description": "你追求舒适体验和性价比的平衡"},
    {"min": 61, "max": 100, "tag": "奢华享受派", "description": "你愿意为高品质体验投资"}
  ]
}'::json);

-- 消费习惯问题
INSERT INTO questions (question_code, question_text, category) VALUES
('budget_q1', '你的旅行预算通常是多少？（每天）', '消费习惯'),
('budget_q2', '你对住宿费用的接受程度？', '消费习惯'),
('budget_q3', '你在购物方面的消费习惯？', '消费习惯'),
('budget_q4', '你对交通方式的选择？', '消费习惯'),
('budget_q5', '你对旅行保险的态度？', '消费习惯'),
('budget_q6', '你会提前多久做旅行预算规划？', '消费习惯'),
('budget_q7', '遇到心仪的纪念品，你会？', '消费习惯'),
('budget_q8', '你对旅行中的奢侈体验看法是？', '消费习惯'),
('budget_q9', '你更倾向于哪种旅行方式？', '消费习惯'),
('budget_q10', '你对旅行花费超预算的态度？', '消费习惯');

-- 消费习惯选项
INSERT INTO options (question_code, option_text, score, display_order) VALUES
-- budget_q1
('budget_q1', '500元以下，能省则省', 2, 1),
('budget_q1', '500-1000元，适度消费', 5, 2),
('budget_q1', '1000-2000元，注重品质', 7, 3),
('budget_q1', '2000元以上，享受为主', 10, 4),
-- budget_q2
('budget_q2', '青旅床位/经济型酒店（100-200元）', 2, 1),
('budget_q2', '三星级酒店（300-500元）', 5, 2),
('budget_q2', '四星级酒店（500-800元）', 7, 3),
('budget_q2', '五星级/度假酒店（800元以上）', 10, 4),
-- budget_q3
('budget_q3', '基本不买，只买必需品', 2, 1),
('budget_q3', '会买一些有特色的纪念品', 5, 2),
('budget_q3', '看到喜欢的就买', 8, 3),
('budget_q3', '购物是旅行重要目的', 9, 4),
-- budget_q4
('budget_q4', '公共交通为主，经济实惠', 2, 1),
('budget_q4', '网约车/出租车，方便快捷', 6, 2),
('budget_q4', '包车/自驾，自由舒适', 8, 3),
('budget_q4', '商务舱/头等舱，追求品质', 10, 4),
-- budget_q5
('budget_q5', '必须买，安全第一', 7, 1),
('budget_q5', '会考虑，看目的地情况', 5, 2),
('budget_q5', '一般不买，节省开支', 2, 3),
-- budget_q6
('budget_q6', '提前1个月以上，精打细算', 4, 1),
('budget_q6', '提前1-2周，做个大概规划', 5, 2),
('budget_q6', '说走就走，不做详细预算', 7, 3),
-- budget_q7
('budget_q7', '看价格，太贵就算了', 3, 1),
('budget_q7', '会考虑一下，适当购买', 5, 2),
('budget_q7', '喜欢就买，价格无所谓', 9, 3),
-- budget_q8
('budget_q8', '完全没必要，浪费钱', 2, 1),
('budget_q8', '偶尔体验一次可以', 6, 2),
('budget_q8', '很有必要，旅行就该享受', 9, 3),
-- budget_q9
('budget_q9', '穷游，青旅+步行', 2, 1),
('budget_q9', '自由行，经济舒适', 5, 2),
('budget_q9', '半自助游，品质保证', 7, 3),
('budget_q9', '高端定制游，全程奢华', 10, 4),
-- budget_q10
('budget_q10', '绝对不行，严格控制', 2, 1),
('budget_q10', '可以接受10-20%超支', 5, 2),
('budget_q10', '无所谓，开心就好', 9, 3);

-- 关联问卷和问题
INSERT INTO quiz_questions (quiz_id, question_code, display_order) VALUES
('a0000000-0000-0000-0000-000000000003', 'budget_q1', 1),
('a0000000-0000-0000-0000-000000000003', 'budget_q2', 2),
('a0000000-0000-0000-0000-000000000003', 'budget_q3', 3),
('a0000000-0000-0000-0000-000000000003', 'budget_q4', 4),
('a0000000-0000-0000-0000-000000000003', 'budget_q5', 5),
('a0000000-0000-0000-0000-000000000003', 'budget_q6', 6),
('a0000000-0000-0000-0000-000000000003', 'budget_q7', 7),
('a0000000-0000-0000-0000-000000000003', 'budget_q8', 8),
('a0000000-0000-0000-0000-000000000003', 'budget_q9', 9),
('a0000000-0000-0000-0000-000000000003', 'budget_q10', 10);


-- ==================== 4. 住宿偏好问卷 ====================
INSERT INTO quizzes (id, title, description, scoring_rules) VALUES
('a0000000-0000-0000-0000-000000000004', '住宿偏好测试', '找到你理想的住宿方式，遇见住宿品味相投的旅伴', 
'{
  "rules": [
    {"min": 0, "max": 30, "tag": "经济实用型", "description": "你注重性价比，住宿只需满足基本需求"},
    {"min": 31, "max": 60, "tag": "舒适体验型", "description": "你追求舒适干净的住宿环境"},
    {"min": 61, "max": 100, "tag": "品质享受型", "description": "你对住宿品质要求很高"}
  ]
}'::json);

-- 住宿偏好问题
INSERT INTO questions (question_code, question_text, category) VALUES
('accom_q1', '你更喜欢哪种类型的住宿？', '住宿偏好'),
('accom_q2', '你对住宿位置的要求是？', '住宿偏好'),
('accom_q3', '你对房间大小的要求？', '住宿偏好'),
('accom_q4', '你在意住宿的设计风格吗？', '住宿偏好'),
('accom_q5', '你对住宿设施的要求？', '住宿偏好'),
('accom_q6', '你对住宿的社交属性看法？', '住宿偏好'),
('accom_q7', '你对早餐的要求是？', '住宿偏好'),
('accom_q8', '你更喜欢新酒店还是老牌酒店？', '住宿偏好'),
('accom_q9', '你对住宿景观的在意程度？', '住宿偏好'),
('accom_q10', '你通常会住几晚？', '住宿偏好');

-- 住宿偏好选项
INSERT INTO options (question_code, option_text, score, display_order) VALUES
-- accom_q1
('accom_q1', '青年旅社，经济社交', 2, 1),
('accom_q1', '经济型酒店/快捷酒店', 3, 2),
('accom_q1', '精品民宿/客栈', 7, 3),
('accom_q1', '星级酒店', 8, 4),
('accom_q1', '度假村/别墅', 10, 5),
-- accom_q2
('accom_q2', '市中心，交通便利', 6, 1),
('accom_q2', '景区附近，游玩方便', 7, 2),
('accom_q2', '安静郊区，远离喧嚣', 8, 3),
('accom_q2', '无所谓，便宜就行', 2, 4),
-- accom_q3
('accom_q3', '不在意，能住就行', 2, 1),
('accom_q3', '标准间大小足够', 5, 2),
('accom_q3', '希望宽敞舒适', 8, 3),
('accom_q3', '必须有套房标准', 10, 4),
-- accom_q4
('accom_q4', '完全不在意，干净就好', 2, 1),
('accom_q4', '有点在意，喜欢有特色的', 6, 2),
('accom_q4', '很在意，风格要符合审美', 9, 3),
-- accom_q5
('accom_q5', '基本设施即可', 2, 1),
('accom_q5', '需要WiFi、空调等', 5, 2),
('accom_q5', '希望有健身房、泳池等', 8, 3),
('accom_q5', '需要全套高端设施和服务', 10, 4),
-- accom_q6
('accom_q6', '喜欢认识新朋友', 7, 1),
('accom_q6', '适度社交可以', 5, 2),
('accom_q6', '希望有私密空间', 8, 3),
('accom_q6', '完全不想被打扰', 4, 4),
-- accom_q7
('accom_q7', '不需要，在外面吃', 3, 1),
('accom_q7', '简单的免费早餐就好', 5, 2),
('accom_q7', '希望有丰富的自助早餐', 8, 3),
-- accom_q8
('accom_q8', '喜欢新酒店，设施新颖', 7, 1),
('accom_q8', '喜欢老牌酒店，服务到位', 8, 2),
('accom_q8', '都可以，看性价比', 4, 3),
-- accom_q9
('accom_q9', '非常在意，一定要有好景观', 9, 1),
('accom_q9', '比较在意，有景观更好', 6, 2),
('accom_q9', '不太在意，反正白天在外面', 2, 3),
-- accom_q10
('accom_q10', '1-2晚，快速打卡', 3, 1),
('accom_q10', '3-5晚，深度游览', 6, 2),
('accom_q10', '7晚以上，深度度假', 8, 3);

-- 关联问卷和问题
INSERT INTO quiz_questions (quiz_id, question_code, display_order) VALUES
('a0000000-0000-0000-0000-000000000004', 'accom_q1', 1),
('a0000000-0000-0000-0000-000000000004', 'accom_q2', 2),
('a0000000-0000-0000-0000-000000000004', 'accom_q3', 3),
('a0000000-0000-0000-0000-000000000004', 'accom_q4', 4),
('a0000000-0000-0000-0000-000000000004', 'accom_q5', 5),
('a0000000-0000-0000-0000-000000000004', 'accom_q6', 6),
('a0000000-0000-0000-0000-000000000004', 'accom_q7', 7),
('a0000000-0000-0000-0000-000000000004', 'accom_q8', 8),
('a0000000-0000-0000-0000-000000000004', 'accom_q9', 9),
('a0000000-0000-0000-0000-000000000004', 'accom_q10', 10);


-- ==================== 5. 景点偏好问卷 ====================
INSERT INTO quizzes (id, title, description, scoring_rules) VALUES
('a0000000-0000-0000-0000-000000000005', '景点偏好测试', '发现你的旅行兴趣点，找到游玩风格相似的驴友', 
'{
  "rules": [
    {"min": 0, "max": 30, "tag": "休闲放松型", "description": "你喜欢轻松惬意的游览方式"},
    {"min": 31, "max": 60, "tag": "打卡体验型", "description": "你喜欢热门景点和各种体验"},
    {"min": 61, "max": 100, "tag": "深度探索型", "description": "你追求深度游览和独特体验"}
  ]
}'::json);

-- 景点偏好问题
INSERT INTO questions (question_code, question_text, category) VALUES
('attr_q1', '你更喜欢哪类景点？', '景点偏好'),
('attr_q2', '你对景点人流量的态度？', '景点偏好'),
('attr_q3', '你的游览节奏偏好是？', '景点偏好'),
('attr_q4', '你更喜欢什么类型的活动？', '景点偏好'),
('attr_q5', '你会提前做景点攻略吗？', '景点偏好'),
('attr_q6', '你对门票价格的接受度？', '景点偏好'),
('attr_q7', '你更喜欢哪种游览方式？', '景点偏好'),
('attr_q8', '你对景点拍照的态度？', '景点偏好'),
('attr_q9', '你一般在一个景点停留多久？', '景点偏好'),
('attr_q10', '你更喜欢什么时段游览景点？', '景点偏好');

-- 景点偏好选项
INSERT INTO options (question_code, option_text, score, display_order) VALUES
-- attr_q1
('attr_q1', '自然风光类（山川湖海）', 7, 1),
('attr_q1', '历史文化类（古迹博物馆）', 9, 2),
('attr_q1', '娱乐体验类（主题乐园）', 5, 3),
('attr_q1', '网红打卡地', 4, 4),
-- attr_q2
('attr_q2', '讨厌人多，只去小众景点', 9, 1),
('attr_q2', '适当的人流可以接受', 5, 2),
('attr_q2', '热门景点必须打卡', 3, 3),
-- attr_q3
('attr_q3', '快速打卡，多去几个地方', 3, 1),
('attr_q3', '适中节奏，深浅结合', 5, 2),
('attr_q3', '慢慢游览，深度体验', 9, 3),
-- attr_q4
('attr_q4', '极限运动（跳伞、潜水等）', 8, 1),
('attr_q4', '户外探险（徒步、登山等）', 7, 2),
('attr_q4', '文化体验（博物馆、展览等）', 8, 3),
('attr_q4', '休闲娱乐（购物、看秀等）', 4, 4),
-- attr_q5
('attr_q5', '会做详细攻略', 6, 1),
('attr_q5', '简单了解一下', 5, 2),
('attr_q5', '随性而走，不做攻略', 4, 3),
-- attr_q6
('attr_q6', '免费景点为主', 2, 1),
('attr_q6', '100元以内可接受', 5, 2),
('attr_q6', '只要值得，价格无所谓', 8, 3),
-- attr_q7
('attr_q7', '跟团游，省心省力', 3, 1),
('attr_q7', '自由行，灵活安排', 6, 2),
('attr_q7', '包车/私人导游，深度讲解', 9, 3),
-- attr_q8
('attr_q8', '必须拍照，记录每一刻', 6, 1),
('attr_q8', '适当拍照留念', 5, 2),
('attr_q8', '很少拍照，用心感受', 8, 3),
-- attr_q9
('attr_q9', '半小时到1小时，快速浏览', 3, 1),
('attr_q9', '2-3小时，仔细游览', 6, 2),
('attr_q9', '半天甚至一天，深度体验', 9, 3),
-- attr_q10
('attr_q10', '一大早，人少安静', 7, 1),
('attr_q10', '上午或下午，黄金时段', 5, 2),
('attr_q10', '傍晚或夜晚，独特氛围', 8, 3),
('attr_q10', '随时都可以', 4, 4);

-- 关联问卷和问题
INSERT INTO quiz_questions (quiz_id, question_code, display_order) VALUES
('a0000000-0000-0000-0000-000000000005', 'attr_q1', 1),
('a0000000-0000-0000-0000-000000000005', 'attr_q2', 2),
('a0000000-0000-0000-0000-000000000005', 'attr_q3', 3),
('a0000000-0000-0000-0000-000000000005', 'attr_q4', 4),
('a0000000-0000-0000-0000-000000000005', 'attr_q5', 5),
('a0000000-0000-0000-0000-000000000005', 'attr_q6', 6),
('a0000000-0000-0000-0000-000000000005', 'attr_q7', 7),
('a0000000-0000-0000-0000-000000000005', 'attr_q8', 8),
('a0000000-0000-0000-0000-000000000005', 'attr_q9', 9),
('a0000000-0000-0000-0000-000000000005', 'attr_q10', 10);


-- ==================== 完成 ====================
SELECT '5个问卷类型及所有题目已成功创建！' as status;

-- 验证数据
SELECT 
  q.id,
  q.title,
  COUNT(qq.id) as question_count
FROM quizzes q
LEFT JOIN quiz_questions qq ON q.id = qq.quiz_id
WHERE q.id IN (
  'a0000000-0000-0000-0000-000000000001',
  'a0000000-0000-0000-0000-000000000002',
  'a0000000-0000-0000-0000-000000000003',
  'a0000000-0000-0000-0000-000000000004',
  'a0000000-0000-0000-0000-000000000005'
)
GROUP BY q.id, q.title
ORDER BY q.title;
